<?xml version="1.0" encoding="UTF-8"?>
<sk:systemKeys xmlns:sk="http://pingidentity.com/2018/01/system-keys">
    <sk:currentKey>
        <sk:key>eyJhbGciOiJkaXIiLCJlbmMiOiJBMTI4Q0JDLUhTMjU2Iiwia2lkIjoiRW1JY1UxOVdueSIsInZlcnNpb24iOiIxMC4zLjAuMTAiLCJ6aXAiOiJERUYifQ..gPeoKU7hC2Q3ZyQlACBl2Q.1lWGbu_G-o1R06AJ-PVmU8NkZvMb3f1x9GWrkcW91sG5cWApdz312OpjbnQGn6Ws.4Nl1svk5A98dKZr1xX5u6A</sk:key>
        <sk:generatedTime>2019-01-28T03:10:17.926Z</sk:generatedTime>
    </sk:currentKey>
    <sk:previousKey xsi:nil="true" xmlns:xsi="http://www.w3.org/2001/XMLSchema-instance"/>
    <sk:pendingKey>
        <sk:key>eyJhbGciOiJkaXIiLCJlbmMiOiJBMTI4Q0JDLUhTMjU2Iiwia2lkIjoiRW1JY1UxOVdueSIsInZlcnNpb24iOiIxMC4zLjAuMTAiLCJ6aXAiOiJERUYifQ..PB0cpeJUwlzZqwt9PPa_oQ.fCAuqOmPf7QRpzD81q6hmg_KArQVqv73TpO3rVkvWSF9au6IWTeE4dBymw8cCV5U.-avNHq0DyyHfD-VfaZBTuA</sk:key>
        <sk:generatedTime>2019-01-28T03:10:17.928Z</sk:generatedTime>
    </sk:pendingKey>
</sk:systemKeys>