<?xml version="1.0" encoding="UTF-8"?>
<datasources>
    <local-tx-datasource maskAttributeValues="false">
        <description>ProvisionerDS (sa)</description>
        <name>ProvisionerDS (sa)</name>
        <jndi-name>ProvisionerDS</jndi-name>
        <connection-url>jdbc:hsqldb:${pf.server.data.dir}${/}hypersonic${/}ProvisionerDefaultDB;hsqldb.lock_file=false</connection-url>
        <driver-class>org.hsqldb.jdbcDriver</driver-class>
        <user-name>sa</user-name>
        <password>eyJhbGciOiJkaXIiLCJlbmMiOiJBMTI4Q0JDLUhTMjU2Iiwia2lkIjoiRW1JY1UxOVdueSIsInZlcnNpb24iOiIxMC4zLjAuMTAifQ..x9q-gMC137iNZxZxgDQCgw.u3gQAlPyXlp68I1-RFSeZA.CBHyt-Cf5cyNfzPmYDEd3A</password>
        <ping-db-type>Custom</ping-db-type>
        <allow-multi-value-attributes>false</allow-multi-value-attributes>
        <connectionTagList>
            <tagEntry connection-url="jdbc:hsqldb:${pf.server.data.dir}${/}hypersonic${/}ProvisionerDefaultDB;hsqldb.lock_file=false" tags=""/>
        </connectionTagList>
    </local-tx-datasource>
</datasources>