<?xml version="1.0" encoding="UTF-8"?>
<urn:PluginConfiguration isInheritExtendedContractAttributes="false" name="simple" xmlns:urn="urn:sourceid.org:saml2:adapter:conf">
    <urn:Fields/>
    <urn:AdvancedFields/>
    <urn:Tables>
        <urn:Table name="Users">
            <urn:Row defaultRow="false">
                <urn:Field name="Username">joe</urn:Field>
                <urn:Field name="Password">Quu-RRcBnk9T2xY6_GmMOUyE8RiJh8UvnkdlFGl-yM4.jW-LtPzL.2</urn:Field>
                <urn:Field name="Confirm Password">RWGM2x3_VdYxyXVWVAMdpiArUUVBLJuIsaOpS0rnXcA.jnow1pix.2</urn:Field>
                <urn:Field name="Relax Password Requirements">true</urn:Field>
            </urn:Row>
        </urn:Table>
    </urn:Tables>
</urn:PluginConfiguration>